{
  "id": 878,
  "page": 1,
  "results": [
    {
      "adult": false,
      "backdrop_path": "/5wNUJs23rT5rTBacNyf5h83AynM.jpg",
      "genre_ids": [
        28,
        12,
        35,
        14,
        878
      ],
      "id": 284053,
      "original_language": "en",
      "original_title": "Thor: Ragnarok",
      "overview": "Thor is imprisoned on the other side of the universe and finds himself in a race against time to get back to Asgard to stop Ragnarok, the prophecy of destruction to his homeworld and the end of Asgardian civilization, at the hands of an all-powerful new threat, the ruthless Hela.",
      "release_date": "2017-10-25",
      "poster_path": "/oSLd5GYGsiGgzDPKTwQh7wamO8t.jpg",
      "popularity": 676.992626,
      "title": "Thor: Ragnarok",
      "video": false,
      "vote_average": 7.5,
      "vote_count": 2291
    },
    {
      "adult": false,
      "backdrop_path": "/o5T8rZxoWSBMYwjsUFUqTt6uMQB.jpg",
      "genre_ids": [
        28,
        12,
        14,
        878
      ],
      "id": 141052,
      "original_language": "en",
      "original_title": "Justice League",
      "overview": "Fueled by his restored faith in humanity and inspired by Superman's selfless act, Bruce Wayne and Diana Prince assemble a team of metahumans consisting of Barry Allen, Arthur Curry, and Victor Stone to face the catastrophic threat of Steppenwolf and the Parademons who are on the hunt for three Mother Boxes on Earth.",
      "release_date": "2017-11-15",
      "poster_path": "/9rtrRGeRnL0JKtu9IMBWsmlmmZz.jpg",
      "popularity": 536.815974,
      "title": "Justice League",
      "video": false,
      "vote_average": 6.7,
      "vote_count": 1425
    },
       {
      "adult": false,
      "backdrop_path": "/ulMscezy9YX0bhknvJbZoUgQxO5.jpg",
      "genre_ids": [
        18,
        878,
        10752
      ],
      "id": 281338,
      "original_language": "en",
      "original_title": "War for the Planet of the Apes",
      "overview": "Caesar and his apes are forced into a deadly conflict with an army of humans led by a ruthless Colonel. After the apes suffer unimaginable losses, Caesar wrestles with his darker instincts and begins his own mythic quest to avenge his kind. As the journey finally brings them face to face, Caesar and the Colonel are pitted against each other in an epic battle that will determine the fate of both their species and the future of the planet.",
      "release_date": "2017-07-11",
      "poster_path": "/3vYhLLxrTtZLysXtIWktmd57Snv.jpg",
      "popularity": 359.223637,
      "title": "War for the Planet of the Apes",
      "video": false,
      "vote_average": 6.7,
      "vote_count": 2548
    },
    {
      "adult": false,
      "backdrop_path": "/vc8bCGjdVp0UbMNLzHnHSLRbBWQ.jpg",
      "genre_ids": [
        28,
        12,
        35,
        878
      ],
      "id": 315635,
      "original_language": "en",
      "original_title": "Spider-Man: Homecoming",
      "overview": "Following the events of Captain America: Civil War, Peter Parker, with the help of his mentor Tony Stark, tries to balance his life as an ordinary high school student in Queens, New York City, with fighting crime as his superhero alter ego Spider-Man as a new threat, the Vulture, emerges.",
      "release_date": "2017-07-05",
      "poster_path": "/ApYhuwBWzl29Oxe9JJsgL7qILbD.jpg",
      "popularity": 256.153326,
      "title": "Spider-Man: Homecoming",
      "video": false,
      "vote_average": 7.3,
      "vote_count": 4981
    },

    {
      "adult": false,
      "backdrop_path": "/tFI8VLMgSTTU38i8TIsklfqS9Nl.jpg",
      "genre_ids": [
        28,
        12,
        14,
        878
      ],
      "id": 284052,
      "original_language": "en",
      "original_title": "Doctor Strange",
      "overview": "After his career is destroyed, a brilliant but arrogant surgeon gets a new lease on life when a sorcerer takes him under his wing and trains him to defend the world against evil.",
      "release_date": "2016-10-25",
      "poster_path": "/4PiiNGXj1KENTmCBHeN6Mskj2Fq.jpg",
      "popularity": 91.194644,
      "title": "Doctor Strange",
      "video": false,
      "vote_average": 7.1,
      "vote_count": 6429
    },
    {
      "adult": false,
      "backdrop_path": "/aJn9XeesqsrSLKcHfHP4u5985hn.jpg",
      "genre_ids": [
        28,
        12,
        35,
        878
      ],
      "id": 283995,
      "original_language": "en",
      "original_title": "Guardians of the Galaxy Vol. 2",
      "overview": "The Guardians must fight to keep their newfound family together as they unravel the mysteries of Peter Quill's true parentage.",
      "release_date": "2017-04-19",
      "poster_path": "/y4MBh0EjBlMuOzv9axM4qJlmhzz.jpg",
      "popularity": 85.585111,
      "title": "Guardians of the Galaxy Vol. 2",
      "video": false,
      "vote_average": 7.6,
      "vote_count": 5704
    },
    {
      "adult": false,
      "backdrop_path": "/34dxtTxMHGKw1njHpTjDqR8UBHd.jpg",
      "genre_ids": [
        28,
        12,
        80,
        14,
        878
      ],
      "id": 297761,
      "original_language": "en",
      "original_title": "Suicide Squad",
      "overview": "From DC Comics comes the Suicide Squad, an antihero team of incarcerated supervillains who act as deniable assets for the United States government, undertaking high-risk black ops missions in exchange for commuted prison sentences.",
      "release_date": "2016-08-02",
      "poster_path": "/e1mjopzAS2KNsvpbpahQ1a6SkSn.jpg",
      "popularity": 81.22016499999999,
      "title": "Suicide Squad",
      "video": false,
      "vote_average": 5.9,
      "vote_count": 8329
    },
    {
      "adult": false,
      "backdrop_path": "/c4Dw37VZjBmObmJw9bmt8IDwMZH.jpg",
      "genre_ids": [
        28,
        12,
        14,
        878
      ],
      "id": 181808,
      "original_language": "en",
      "original_title": "Star Wars: The Last Jedi",
      "overview": "Having taken her first steps into a larger world, Rey continues her epic journey with Finn, Poe and Luke Skywalker in the next chapter of the Star Wars saga.",
      "release_date": "2017-12-13",
      "poster_path": "/xGWVjewoXnJhvxKW619cMzppJDQ.jpg",
      "popularity": 66.51003900000001,
      "title": "Star Wars: The Last Jedi",
      "video": false,
      "vote_average": 5.3,
      "vote_count": 3
    },
    {
      "adult": false,
      "backdrop_path": "/4b02JgxFlKTk7jRpOSAhziQbSA.jpg",
      "genre_ids": [
        18,
        53,
        878
      ],
      "id": 339988,
      "original_language": "en",
      "original_title": "The Circle",
      "overview": "A young tech worker takes a job at a powerful Internet corporation, quickly rises up the company's ranks, and soon finds herself in a perilous situation concerning privacy, surveillance and freedom. She comes to learn that her decisions and actions will determine the future of humanity.",
      "release_date": "2017-04-27",
      "poster_path": "/bQVqd5rWrx5GbXhJNuvKy4Viz6j.jpg",
      "popularity": 62.801445,
      "title": "The Circle",
      "video": false,
      "vote_average": 5.4,
      "vote_count": 1161
    },
    {
      "adult": false,
      "backdrop_path": "/mtFWygEmLkbY5dcxVxESmtxYHHX.jpg",
      "genre_ids": [
        28,
        12,
        16,
        14,
        878
      ],
      "id": 413594,
      "original_language": "ja",
      "original_title": "劇場版 ソードアート・オンライン -オーディナル・スケール-",
      "overview": "People everywhere were enjoying a new game called Ordinal Scale, an ARMMORPG developed exclusively for the Augma, a new wearable console designed for AR (augmented reality) gaming. But, the players had no idea that a nightmare from the virtual world was starting to spread into reality! As his fellow players find themselves in danger, the hero is called upon once again.",
      "release_date": "2017-02-18",
      "poster_path": "/7KHY9NbwDxjMiGQq8XodLzZdltZ.jpg",
      "popularity": 59.371683,
      "title": "Sword Art Online The Movie: Ordinal Scale",
      "video": false,
      "vote_average": 8.300000000000001,
      "vote_count": 80
    },
    {
      "adult": false,
      "backdrop_path": "/tZjVVIYXACV4IIIhXeIM59ytqwS.jpg",
      "genre_ids": [
        28,
        12,
        878
      ],
      "id": 330459,
      "original_language": "en",
      "original_title": "Rogue One: A Star Wars Story",
      "overview": "A rogue band of resistance fighters unite for a mission to steal the Death Star plans and bring a new hope to the galaxy.",
      "release_date": "2016-12-14",
      "poster_path": "/qjiskwlV1qQzRCjpV0cL9pEMF9a.jpg",
      "popularity": 49.289892,
      "title": "Rogue One: A Star Wars Story",
      "video": false,
      "vote_average": 7.4,
      "vote_count": 5561
    },
    {
      "adult": false,
      "backdrop_path": "/4PwyB0ErucIANzW24Kori71J6gU.jpg",
      "genre_ids": [
        878,
        12,
        53
      ],
      "id": 131631,
      "original_language": "en",
      "original_title": "The Hunger Games: Mockingjay - Part 1",
      "overview": "Katniss Everdeen reluctantly becomes the symbol of a mass rebellion against the autocratic Capitol.",
      "release_date": "2014-11-18",
      "poster_path": "/gj282Pniaa78ZJfbaixyLXnXEDI.jpg",
      "popularity": 49.034935,
      "title": "The Hunger Games: Mockingjay - Part 1",
      "video": false,
      "vote_average": 6.6,
      "vote_count": 6070
    }

  ],
  "total_pages": 428,
  "total_results": 8552
}